,name,sequence,adpred_preds
0,CAM5,MADQLTDDQISEFKEAFSLFDKDGDGCITTKELGTVMRSLGQNPTEAELQDMINEVDADGNGTIDFPEFLNLMARKMKDTDSEEELKEAFRVFDKDQNGFISAAELRHVMTNLGEKLTDEEVDEMIKEADVDGDGQINYEEFVKVMMAKRRGKRVMAAKRSSNSAEYKEKNGRRKSHCRIL,"[0.005517588,0.0062822294,0.027565049,0.03856082,0.06612609,0.5144361,0.73551184,0.4385216,0.5255248,0.4996317,0.5516992,0.5730084,0.54459095,0.7817497,0.68370694,0.74558944,0.5681016,0.44896963,0.5448171,0.6450317,0.38893157,0.44280708,0.8942772,0.15027742,0.13064125,0.19810963,0.305261,0.09815842,0.04216416,0.06582221,0.019812874,0.016528362,0.004736167,0.004014928,0.005160025,0.0024169465,0.003785109,0.005383457,0.01366078,0.013881125,0.005383613,0.007750302,0.01762614,0.012279624,0.017931966,0.02711821,0.022018572,0.007946268,0.00674329,0.014712368,0.021067021,0.08990797,0.07631893,0.11278146,0.55409044,0.91361094,0.9783122,0.9911186,0.99777466,0.9980302,0.9960964,0.9699602,0.98996335,0.8451886,0.8209227,0.78809035,0.4215982,0.24219136,0.15496439,0.15383628,0.07808654,0.1856985,0.07200473,0.13235152,0.049088024,0.38760474,0.09723521,0.1155984,0.8145961,0.8320215,0.25001076,0.082202755,0.06715012,0.012219806,0.0021842164,0.0033026922,0.007501917,0.005954946,0.016800458,0.025593676,0.035003524,0.098846264,0.044458356,0.047813945,0.02916256,0.12429367,0.044714626,0.051467527,0.06750691,0.043711547,0.017593607,0.009555766,0.03266909,0.01449667,0.025016513,0.010828363,0.0113974465,0.02508983,0.01564948,0.023051042,0.047109,0.08008241,0.02693682,0.028991677,0.018888885,0.01770204,0.011170944,0.014012222,0.02228404,0.027832733,0.018596914,0.011783744,0.03881647,0.019730588,0.068174236,0.0503877,0.08171132,0.27800393,0.37669095,0.21848963,0.16628753,0.47468096,0.6407633,0.782571,0.31532913,0.12671627,0.013806124,0.020711252,0.007707578,0.0026747836,0.0026620252,0.0030711303,0.002748588,0.0013112251,0.00071471767,0.00015631708,0.00011354199,4.723618e-05,6.464181e-05,1.4047142e-05,2.0966254e-05,3.5475e-05,3.7037036e-05,1.33103995e-05,8.902135e-06,2.1344435e-06,8.459004e-07,3.0405127e-07,2.3248967e-07,3.1350967e-07,2.0503333e-07,4.2631697e-07,6.3698593e-07,1.1733737e-06,8.6050136e-07,2.143525e-06,4.25923e-06,5.6827816e-06,8.240598e-06,1.0547875e-05,1.6045367e-05,1.4757308e-05,1.7886558e-05,1.7224163e-05,3.367596e-05,3.867947e-05,5.9306076e-05,4.448635e-05,4.4181103e-05,5.2733933e-05,6.088285e-05]"
