,name,sequence,paddle_centers,paddle_preds
0,CAM5,MADQLTDDQISEFKEAFSLFDKDGDGCITTKELGTVMRSLGQNPTEAELQDMINEVDADGNGTIDFPEFLNLMARKMKDTDSEEELKEAFRVFDKDQNGFISAAELRHVMTNLGEKLTDEEVDEMIKEADVDGDGQINYEEFVKVMMAKRRGKRVMAAKRSSNSAEYKEKNGRRKSHCRIL,"[27.0,28.0,29.0,30.0,31.0,32.0,33.0,34.0,35.0,36.0,37.0,38.0,39.0,40.0,41.0,42.0,43.0,44.0,45.0,46.0,47.0,48.0,49.0,50.0,51.0,52.0,53.0,54.0,55.0,56.0,57.0,58.0,59.0,60.0,61.0,62.0,63.0,64.0,65.0,66.0,67.0,68.0,69.0,70.0,71.0,72.0,73.0,74.0,75.0,76.0,77.0,78.0,79.0,80.0,81.0,82.0,83.0,84.0,85.0,86.0,87.0,88.0,89.0,90.0,91.0,92.0,93.0,94.0,95.0,96.0,97.0,98.0,99.0,100.0,101.0,102.0,103.0,104.0,105.0,106.0,107.0,108.0,109.0,110.0,111.0,112.0,113.0,114.0,115.0,116.0,117.0,118.0,119.0,120.0,121.0,122.0,123.0,124.0,125.0,126.0,127.0,128.0,129.0,130.0,131.0,132.0,133.0,134.0,135.0,136.0,137.0,138.0,139.0,140.0,141.0,142.0,143.0,144.0,145.0,146.0,147.0,148.0,149.0,150.0,151.0,152.0,153.0,154.0,155.0]","[6.0108314,5.982242,5.96787,5.855394,5.600079,5.3855143,5.2015185,4.967844,4.573165,4.2929816,4.267952,4.1573086,4.324837,4.6978016,5.1378813,5.5031557,5.7016835,5.7430844,5.524017,5.102106,4.7293606,4.127366,3.5746317,3.0113182,2.597911,2.358515,2.343295,2.5021715,2.6364605,2.838185,3.0402246,3.1815438,3.3197348,3.433759,3.5298517,3.563735,3.5601366,3.7886744,3.8520808,4.006052,4.1362486,4.238175,4.2015347,4.222647,4.2368,4.2590585,4.0765185,3.994113,3.8819602,3.7278688,3.5658078,3.3919432,3.1527572,2.899264,2.6263223,2.3832006,2.1413298,1.8738452,1.644995,1.420889,1.2327243,1.0107046,0.8826064,0.79125845,0.73254,0.7013718,0.679162,0.7021193,0.7934911,0.9282627,1.0445387,1.218791,1.3883283,1.5406518,1.7663051,1.9480981,2.1028924,2.147973,2.1513107,2.205029,2.1350813,2.0264041,2.0008855,2.0292826,2.0500007,2.2378058,2.510031,2.7791672,2.976962,3.1177187,3.16286,3.1046357,2.8503084,2.6125712,2.1848428,1.738362,1.299974,0.92402416,0.6429077,0.47018412,0.3340398,0.263201,0.23091094,0.21268786,0.20037444,0.20173033,0.21382706,0.22858585,0.24840297,0.26801893,0.29266542,0.30517405,0.3228743,0.3180129,0.31055152,0.3058762,0.28935146,0.2695266,0.2472822,0.22425678,0.19912373,0.1576251,0.13039353,0.10148856,0.061251666,0.04560244,0.036523003,0.027424255,0.014334822]"
